x_0,s_0,x_1,s_1,
0.6813130909577012,1.7541285743936896,0.5073735380158684,0.7723702982881447,
1.4581152943428606,1.0268423708621413,0.7919499910788192,0.5057105069360857,
1.6365341721102595,1.088030376471579,0.25124767349112137,1.171288786763875,
1.4306193591764895,1.0682074053474935,2.2241208847343144,0.5559316696510961,
2.3656258956179954,0.43647662916919217,0.8145842157242681,0.3035276047054517,
1.42593958217185,1.117276016739197,1.2388042573125706,0.25467645872952915,
0.7921220037387684,1.6669379238737747,0.7838865408023481,0.5566181540959283,
1.7725686423946172,0.8436323150526732,0.5122383102039356,0.8688219107555246,
1.461988613475114,1.148980315309018,1.504184259438634,0.5956812785975624,
1.5682692895643413,0.9450192865915596,1.2503823360125828,0.6427693703276031,
0.6391047681099735,1.7958273073309101,1.0527866383577649,0.4365165243454683,
0.6688203811645508,1.8506946004927158,0.195678982850528,1.0548525054049342,
0.9290309342322871,1.5402816814603284,0.4870709314601222,0.9333957449840433,
1.3734456161037087,1.0837976327165961,2.247734106609625,0.9942388113357105,
2.843741739867255,0.06277117994613945,0.48114835860370775,0.7999003321401386,
1.9648818042478524,1.417988340894226,0.7748725705960503,0.522756832339506,
0.8556875181384385,1.6493962365202606,1.797274592444682,0.6681574643837922,
2.7955048559233546,0.7761279651895165,3.160111237854398,1.2738531374539357,
1.3490228987066075,1.1447076277108863,3.3969889182663824,0.9609638421579536,
1.2555314810015261,1.1394466473720968,0.4849840248609265,0.6007190001296464,
0.9729488804005086,1.496903667692095,0.24649266504362327,1.03891923673158,
1.6265291754389182,1.1235594380414113,1.6442160494453357,0.8557112086234344,
3.245918801985681,0.45977958384901285,2.0777558857383567,0.590410935826677,
0.9140576304052956,1.5143114595557563,1.0053762675218327,0.23353842393230254,
1.065635527484119,1.2280412102118134,2.196322143793561,0.67404122366151,
1.8350164885632694,0.7564839948900044,0.05413304671528607,1.228703105937575,
0.9565690380404703,1.5244595448602922,1.554469462862999,0.32162929059465717,
1.8628908751998097,0.8282115214969963,0.5791978397419197,0.964915747383532,
1.330158025113633,1.1133597194275353,0.633075577407983,0.5788757697016631,
1.124519936973229,1.285992476856336,1.1681158557641829,0.5325279346584324,
1.4262978782644495,1.1961488673696294,1.1261440542257952,0.5940177061087946,
0.8478433070704341,1.6179551528766751,0.5381672890321081,0.8473797756496443,
1.6735928407870233,1.3569676564075053,1.3803092198307367,0.5636585324892833,
1.4568512261321303,1.0724958359787706,0.6947638009189853,0.6323738210305262,
0.8362980550882639,1.585661456847447,0.8011739263698807,0.6620762409268722,
0.8611534893279895,1.6228588462108746,2.225747676140802,0.9229308615811904,
0.9358358315657824,1.5145783082116395,0.7428537724354055,0.6320338655037603,
1.2122666316572577,1.259544145083055,1.2344575044440669,0.42651189546496193,
1.631343849701807,0.9890246235299855,2.320034493676223,1.0750133280925962,
1.428686824045144,1.078132975497283,3.404452452490861,0.7417635860698152,
2.569399398053065,1.5062904579099268,0.25636825570649,1.0537322194468883,
1.1975684684002772,1.199470531544648,1.769429181365633,0.6434485975827605,
2.1259527955553494,0.658967457304243,0.3509199553234956,1.349609308670744,
1.3922550836578012,1.170904758386314,2.8246190862865457,0.6326047539834768,
1.9164515077136457,0.7148476303555071,1.1981653927346818,0.27777148605584073,
1.9074540687724948,1.22494647372514,2.7839910989859216,1.134263424281876,
1.8498164339689538,1.1573253833921626,2.4241534282862087,0.6318507678632569,
1.691151266451925,1.0009118267334998,3.121137916042332,0.4061661641042016,
1.4135990685317665,1.2168358357157558,1.0984050554448128,0.5187392077211377,
2.1820977424504235,0.605508120614104,0.4422856765267239,0.8196597227308768,
1.354564199107699,1.1677191575290635,0.657226809320066,0.525817756674954,
1.7964537371881306,0.9626863258890808,1.3048073438406098,0.7718718899933567,
2.0021785739809275,0.5436208974570036,0.7916475611835723,0.5424598537646558,
1.9268640171503648,0.9135604944312945,0.4854918482246865,0.7020327056990706,
2.3385391339252237,0.8906579658796545,0.7304942060759341,0.5903087525030024,
2.033074948762078,0.740535631950479,2.35933063504062,0.7665294818915314,
2.1759019317105412,1.4444856336340308,0.46711094947887954,0.6539801825309378,
2.996076177340001,-0.0,0.4049687493991805,0.8912540632267913,
1.4904986802721396,0.9982345331227407,0.8187934726439668,0.6339557084833097,
1.506535199296195,1.0352101169410162,0.19443908411837474,1.0774589334861069,
0.6992445290088654,1.736891508102417,0.49678127456087073,0.8103460695376228,
1.2112663541920483,1.2980412836186588,3.0868717799400773,0.8600221079991784,
2.1294865268282592,0.6329906140454113,0.4906240477880113,0.6800629471640046,
1.4477419201284647,1.0828905943781137,0.4484938750174674,0.6690105124729676,
1.6241739749675617,0.9320460200542584,1.4724980710404527,0.21670557861303585,
1.8933393834740855,0.7976286643533967,1.9873752013956905,0.5662267756831572,
1.5202300543896854,0.9886986506171525,3.2635987764779735,0.9728565556839264,
0.9909304179891478,1.3832813925400842,0.518137097557486,0.8745922380377866,
1.1944299682163546,1.2755900167740037,1.5494877662945925,0.8714695058167001,
1.3533144447137602,1.146319333172869,1.2656211121563599,0.5353534169463132,
0.9355828538537025,1.5372816659510136,2.734007389586349,1.1219409106653424,
2.3063622459303588,0.4887062751222402,0.3990183703846602,0.993158366465517,
1.6311191306449473,1.065389176364988,2.3543979623134317,0.757946173463738,
1.4526715169486124,1.1672202681365889,1.0914112499790274,0.4029497969516798,
1.9727293836185709,0.7462516402592883,0.3488478136452289,0.9868001387008334,
1.9312110730388667,0.6879122144600842,0.7050591740828971,0.5673995247133028,
2.713456117664464,0.3008752603782341,2.5502794183711637,1.0495713775072446,
0.9605405989277642,1.4757877451193053,0.3624306371388612,0.9238146772918464,
1.2268460562336259,1.2356001118314452,1.1386616605621216,0.37431553897406555,
0.9406122788786888,1.564984254539013,0.6525019974434859,0.5428379085291439,
1.4532201316324063,1.2307299163076095,3.0071536410101283,0.8321798754720275,
1.3839703153062146,1.2091121573757846,0.6174264538966079,0.8921591225992166,
1.5633063653949648,0.9167731513734907,0.2656314692343411,1.0421869469652436,
1.6784209222823847,0.8720097182958852,1.2447711783181825,0.6394069157966796,
1.2521102295722812,1.2209497077856213,0.6041770215890772,0.6103561745105398,
2.0788037551683374,1.461499311204534,0.4952349673606292,0.720139722653854,
2.3260049551026896,0.8317589954240248,1.0574780236765269,0.4247382062125027,
2.3452931318897754,0.6022628496866673,0.5333082860779381,0.7356626418799133,
1.3347476967610419,1.205386986490339,2.355509040261923,0.5518695924718277,
2.9189299462886993,0.5579287627188023,1.9356455987176082,0.4503903455217113,
2.0935217618680326,0.9038535140716704,0.5025180550517463,0.9447701448088893,
1.0569680705666542,1.425544086843729,2.330556523771767,0.9247432102436732,
0.8229235350445379,1.7038322486623656,2.416929946317273,0.6828424168911923,
0.4928025979315862,2.003019652911462,0.36226729401557956,0.8374969543587247,
1.5312460815766826,1.0637541780015454,1.1058829921068274,0.30295181860551157,
1.4200693756392866,0.9714483752795786,0.42463364670648707,0.9698536002535196,
1.7273812575731426,1.2663643748965114,1.436079421423955,0.6236161814514944,
0.9530278193633421,1.5847600427587167,0.2706267390592412,1.1446751284984167,
1.0194362476468086,1.3869376853108406,0.3948106089311688,0.8797651780608046,
1.3372733225114644,1.3560858848504722,1.1917821333256216,0.5389500437825984,