x_0,s_0,x_1,s_1,x_2,s_2,x_3,s_3,
1.212446101821115,1.4117597407930589,1.2689128660713564,0.2806803393307456,5.930642847629153,0.9099883258814261,8.732350060063247,1.0241113330115683,
0.7201161274279002,1.7834608516131993,1.3060593778902676,0.5304441529508299,-0.0,1.2652183705206095,0.2627299249358061,2.69470257977188,
1.583155893269577,1.0737984138395404,3.8934702256748404,0.5265752812093102,2.6156223654848185,1.6356912010948903,3.2024965206035576,2.664869525412089,
1.6397082965122536,0.8930195075226948,0.9609523584897971,0.6610820009785703,0.741439697948949,0.8661369599121382,4.653643317586425,0.8118964781285882,
2.0477630142122507,1.268351761624217,1.662859029699368,0.9262431148218703,2.0274796297498763,0.70978382251369,2.2526011897735145,-0.0,
1.4929464887245558,1.308594727946911,3.5017898351834,1.527278788302861,1.6079055585149844,-0.0,3.8988703305298573,1.204880536373591,
2.578159842523746,1.9963461348088458,0.1832529651824793,1.4852878290919094,4.580118907514598,1.0840076399132295,3.467881961498823,2.0509449594882097,
1.9135024505667388,0.7602550950832665,1.584797550697025,-0.0,2.2052488704906454,1.4221107969183648,-0.0,0.9364814918343702,
3.812272391282022,-0.0,1.7349639548820428,0.7377306270905116,,,,,
1.7438534202519804,1.0895017792936414,2.995696034984917,0.2602051382542819,,,,,
1.4496873955358751,1.1951745037804358,,,,,,,
0.9803607591893524,1.4365113957319409,,,,,,,
2.734922275179997,0.43798469356261194,,,,,,,
1.2296352486591786,1.339591444702819,,,,,,,
2.1985074693802744,0.8055993688758463,,,,,,,
2.0019056042656302,0.6264497200027108,,,,,,,
1.1088041360490024,1.385448903311044,,,,,,,
1.5445726208854467,1.0088701217900962,,,,,,,
2.148538720328361,0.9186110193841159,,,,,,,
2.2250747074140236,1.1736727888928726,,,,,,,