x_0,s_0,x_1,s_1,x_2,s_2,x_3,s_3,x_4,s_4,
1.0768500422127545,1.3923558141104877,0.43695104039127247,0.5229974160657267,0.07737529173104386,0.4740393078682663,6.189430189704553,0.36664314805198794,0.9982744383643204,2.6141575769086067,
2.092585911974311,0.7976848725229502,1.8219916193866155,0.3655908522683362,0.13020242557439898,1.14216066308873,0.881958812612945,0.20101152580437454,5.780293960473038,0.005521425511688273,
1.1502658507379238,1.3191140213457402,0.1494881261047163,0.671079525486658,0.12366904249739717,0.7224279550573997,0.673167934142521,0.2740026512849346,6.27309970137814,0.015622150152922627,
0.7947347929002717,1.6440538706956431,0.4598035955315812,0.4137030781965545,3.8108974729710514,0.5230069268374269,2.1935560198730157,0.24123411878077933,5.0755225169762195,0.021727603031041376,
0.7832080826337915,1.6593950658862013,0.30881032409913034,0.9609900205742743,5.328504892987839,0.28871605538264294,1.3129678986396385,0.15252667197421124,0.380088150501252,1.314893563068053,
1.4398243546602316,1.7039062857511453,1.1915217499073674,0.4149422351705763,0.4296458099129798,0.23601978486979194,5.620428410514821,0.39360005155561506,0.5736477349959923,0.9109005948408289,
1.3538456199603388,1.1737376140517881,0.5979449051425266,0.4311181065372548,0.4200573948687145,0.33262500122971994,-0.0,1.5731202823345,-0.0,2.268474995397414,
1.8050550629850477,1.0327427650336176,0.8425998251250382,0.4398719947431182,0.8360482989924155,1.096986024703358,-0.0,1.4080531547429889,4.185445586214604,-0.0,
1.5425774119212292,0.9293583222315647,1.0085706333088371,0.49790497462350314,0.3234858667436621,0.544402646534943,3.3044376503871957,0.25653979615179817,6.080959771624398,0.0074100564233876565,
1.2834816299146041,1.2450404592091218,0.3382142374011308,0.7267847097862881,0.11551720077510819,1.004835881234862,-0.0,0.6362803439448113,0.9691567959512098,2.777605730534497,
2.0188510228581436,1.3021558190994256,0.5774197722582997,0.556267374534676,,,,,,,
2.1495870653016027,0.6160365935938898,1.0541192121659497,0.26900710295295976,,,,,,,
1.4703414475079626,1.643798120552674,1.572162629064003,0.6712427538670357,,,,,,,
1.1345946067594923,1.4129756553447805,1.8866398535961324,0.4450200854046443,,,,,,,
2.411448977130931,0.85753770993324,1.8218078885687485,0.07717943260033393,,,,,,,
1.2603056896477938,1.1541268918663263,1.5884696465545944,0.6139763781023599,,,,,,,
2.5215938518522307,2.0540102144004777,0.9547317725140747,0.4185735649958993,,,,,,,
0.7348554311320186,1.7810452403500676,2.147978467740234,1.0450801308146311,,,,,,,
1.2078864012728445,1.2973628456820734,1.8512983446468185,0.950270881085577,,,,,,,
1.8298529882522416,0.7205120723156142,0.578240094229455,0.8032500509352432,,,,,,,